# Indonesian sentiment lexicon, authored for this package (MIT). One word per line: word<TAB>valence.
# Valence scale as VADER: -4..4; anchors +-0.5 faint, +-1.5 mild, +-2.5 clear, +-3.5 extreme.
# No neutral entries and no negation or booster words, except the dual-role words `parah` and `lumayan`.
# Never copy from other lexicons (InSet, SentiStrength-ID and Kamus Alay carry no license).
# Grouped by valence, then alphabetical.

# +3.5
fantastis	3.5
fenomenal	3.5
luar-biasa	3.5
luarbiasa	3.5
maknyus	3.5
menakjubkan	3.5
mengagumkan	3.5
sempurna	3.5
sensasional	3.5
spektakuler	3.5
terbaik	3.5
terenak	3.5
terhebat	3.5
terindah	3.5
terkeren	3.5
terlezat	3.5
termantap	3.5
tersempurna	3.5

# +3
ajaib	3
amazing	3
awesome	3
brilian	3
cemerlang	3
cintai	3
excellent	3
fantastic	3
gemilang	3
gokil	3
hebat	3
incredible	3
istimewa	3
kecintaan	3
kelezatan	3
kereen	3
kerenn	3
kesedapan	3
ketagihan	3
marvelous	3
megah	3
melezatkan	3
memesona	3
memikat	3
mempesona	3
memukau	3
menawan	3
mencinta	3
mencintai	3
mengesankan	3
nagih	3
nendang	3
paripurna	3
perfect	3
prima	3
selezat	3
senikmat	3
sesedap	3
spectacular	3
superb	3
teramah	3
tercantik	3
tercepat	3
tercinta	3
terfavorit	3
terjago	3
termegah	3
termewah	3
terpopuler	3
tersopan	3
tersukses	3
tertampan	3
terunggul	3
unggul	3
unggulan	3
wonderful	3

# +2.5
adil	2.5
agung	2.5
akrab	2.5
alhamdulilah	2.5
ampuh	2.5
andal	2.5
anggun	2.5
apik	2.5
apresiasi	2.5
asri	2.5
attentive	2.5
bagus	2.5
baguss	2.5
bagusss	2.5
barokallah	2.5
berbangga	2.5
bergembira	2.5
berhasil	2.5
berjasa	2.5
berkeadilan	2.5
berkualitas	2.5
bermutu	2.5
berprestasi	2.5
bersuka	2.5
bersukacita	2.5
best	2.5
brilliant	2.5
cakep	2.5
cantik	2.5
cantikk	2.5
ciamik	2.5
clean	2.5
comfy	2.5
cozy	2.5
dahsyat	2.5
dambaan	2.5
delicious	2.5
delish	2.5
diagungkan	2.5
diapresiasi	2.5
dibanggakan	2.5
eksklusif	2.5
eksotis	2.5
elegan	2.5
elok	2.5
enaaak	2.5
enaak	2.5
enak	2.5
enakk	2.5
endess	2.5
endeus	2.5
endul	2.5
epic	2.5
epik	2.5
fabulous	2.5
favorite	2.5
favourite	2.5
friendly	2.5
gacor	2.5
ganteng	2.5
gantengg	2.5
glamor	2.5
glamour	2.5
good	2.5
gorgeous	2.5
great	2.5
hamdalah	2.5
handal	2.5
helpful	2.5
humoris	2.5
idola	2.5
ikonik	2.5
impian	2.5
indah	2.5
informatif	2.5
inspiratif	2.5
jago	2.5
jagoan	2.5
jelita	2.5
jempol	2.5
jempolan	2.5
jenaka	2.5
jos	2.5
joss	2.5
juara	2.5
karismatik	2.5
keadilan	2.5
keagungan	2.5
keajaiban	2.5
keakraban	2.5
keampuhan	2.5
kebahagiaan	2.5
kebanggaan	2.5
keberhasilan	2.5
keberkahan	2.5
kebersamaan	2.5
kece	2.5
keceriaan	2.5
kedahsyatan	2.5
kedamaian	2.5
kegembiraan	2.5
keharuan	2.5
keindahan	2.5
keistimewaan	2.5
kejayaan	2.5
kekaguman	2.5
kekompakan	2.5
kelegaan	2.5
kemahiran	2.5
kemakmuran	2.5
kemegahan	2.5
kemenangan	2.5
kemesraan	2.5
kemewahan	2.5
kenikmatan	2.5
kepahlawanan	2.5
kepuasan	2.5
keren	2.5
kesejahteraan	2.5
kesempurnaan	2.5
keserasian	2.5
kesukacitaan	2.5
kesuksesan	2.5
ketenangan	2.5
ketenteraman	2.5
ketentraman	2.5
kinclong	2.5
klop	2.5
kompak	2.5
komunikatif	2.5
lezat	2.5
lovely	2.5
mahir	2.5
manjur	2.5
mantaap	2.5
mantab	2.5
mantap	2.5
mantapjiwa	2.5
mantapp	2.5
mantul	2.5
memanjakan	2.5
membahagiakan	2.5
membanggakan	2.5
memuaskan	2.5
memuja	2.5
memuji	2.5
mencerahkan	2.5
menenangkan	2.5
menenteramkan	2.5
mengagungkan	2.5
mengapresiasi	2.5
mengasikkan	2.5
mengasyikkan	2.5
menggembirakan	2.5
menggiurkan	2.5
menggoda	2.5
menggugah	2.5
menghargai	2.5
mengharukan	2.5
menghibur	2.5
menghormati	2.5
menginspirasi	2.5
menyanjung	2.5
menyegarkan	2.5
menyejukkan	2.5
menyenangkan	2.5
menyentuh	2.5
mesra	2.5
mewah	2.5
molek	2.5
mujarab	2.5
mujur	2.5
nampol	2.5
ngena	2.5
nice	2.5
nikmat	2.5
nyamleng	2.5
pahlawan	2.5
paten	2.5
pemuja	2.5
penghargaan	2.5
penghormatan	2.5
permai	2.5
piawai	2.5
prestasi	2.5
profesional	2.5
pujian	2.5
responsif	2.5
rupawan	2.5
sanjungan	2.5
sedap	2.5
serasi	2.5
stunning	2.5
sukacita	2.5
sukses	2.5
tampan	2.5
tangguh	2.5
tasty	2.5
terampil	2.5
top	2.5
yum	2.5
yummy	2.5

# +2
aesthetic	2
ajib	2
aktif	2
alhamdulillah	2
alhamdullilah	2
aman	2
amanah	2
andalan	2
anugerah	2
arif	2
artistik	2
asiik	2
asik	2
asikk	2
asoy	2
asyiik	2
asyik	2
asyikk	2
asyoy	2
atraktif	2
autentik	2
authentic	2
awet	2
baik	2
bantuan	2
barakallah	2
beautiful	2
berani	2
berbahagia	2
berdedikasi	2
berempati	2
bergelora	2
bergengsi	2
berilmu	2
berintegritas	2
berjaya	2
berkah	2
berkembang	2
berkesan	2
berkomitmen	2
berkreasi	2
berlimpah	2
bermakna	2
bermartabat	2
bermoral	2
bersahabat	2
bersahaja	2
bersih	2
bersimpati	2
bersorak	2
bersyukur	2
bertanggungjawab	2
beruntung	2
bgs	2
bgus	2
bijak	2
bijaksana	2
bonafide	2
bravo	2
bugar	2
cakap	2
cendekia	2
cendekiawan	2
cerdas	2
cerdik	2
cheerful	2
cihuy	2
cosy	2
creamy	2
damai	2
dedikasi	2
dermawan	2
diampuni	2
diandalkan	2
dibantu	2
diberkahi	2
diberkati	2
didukung	2
diistimewakan	2
dikagumi	2
dikuatkan	2
dilancarkan	2
dimaafkan	2
dimajukan	2
dimudahkan	2
dinamis	2
diperbaiki	2
dipercayai	2
dipercayakan	2
diperindah	2
dipuaskan	2
dirapikan	2
diselamatkan	2
disenangi	2
disokong	2
disukseskan	2
disyukuri	2
ditolong	2
diuntungkan	2
diwisuda	2
dukungan	2
efektif	2
efisien	2
efisiensi	2
ekspresif	2
elit	2
empati	2
empuk	2
enakeun	2
energik	2
enjoy	2
enjoyed	2
ergonomis	2
estetik	2
estetis	2
favorit	2
fresh	2
fun	2
gagah	2
gairah	2
gelak	2
gemar	2
gemerlap	2
gemerlapan	2
gemoy	2
genius	2
gesit	2
glad	2
halus	2
hangat	2
harum	2
heroik	2
hidayah	2
homey	2
hommy	2
homy	2
hoorey	2
hormat	2
humanis	2
hurray	2
ikhlas	2
imajinatif	2
impressive	2
inklusif	2
inovasi	2
inovatif	2
instagenic	2
instagramable	2
instagrammable	2
integritas	2
jaya	2
jenius	2
jernih	2
josss	2
jozz	2
karunia	2
keadaban	2
keaktifan	2
keandalan	2
keanggunan	2
kearifan	2
keberanian	2
kebersihan	2
keberuntungan	2
kebijaksanaan	2
kebugaran	2
kecakapan	2
kecerahan	2
kecerdasan	2
kecermatan	2
kedermawanan	2
keefektifan	2
kegagahan	2
kegemaran	2
kegemilangan	2
kegesitan	2
kegigihan	2
kehalusan	2
kehormatan	2
keikhlasan	2
kekayaan	2
kekuatan	2
kelancaran	2
kelayakan	2
kelembutan	2
kelimpahan	2
keluhuran	2
kelulusan	2
kemajuan	2
kemudahan	2
kemuliaan	2
kemurahan	2
kenyal	2
kepandaian	2
kepedulian	2
kepercayaan	2
keperkasaan	2
kepintaran	2
kerajinan	2
kerapian	2
kerelaan	2
kesabaran	2
kesantunan	2
kesegaran	2
keselamatan	2
kesenangan	2
kesetiaan	2
kesigapan	2
kesopanan	2
kesukaan	2
ketabahan	2
ketakjuban	2
ketangguhan	2
ketegaran	2
ketegasan	2
keteguhan	2
ketekunan	2
ketelatenan	2
ketelitian	2
keteraturan	2
ketertarikan	2
ketertiban	2
ketulusan	2
keunggulan	2
keunikan	2
keuntungan	2
khas	2
klasik	2
kokoh	2
kompeten	2
kompetensi	2
konsisten	2
krasan	2
kreasi	2
kreatif	2
kreativitas	2
kredibel	2
kredibilitas	2
kuat	2
kudos	2
lahap	2
lancar	2
legit	2
lembut	2
lincah	2
lolos	2
love	2
loyal	2
loyalitas	2
luhur	2
lulus	2
lumer	2
luv	2
maju	2
makmur	2
mandiri	2
manfaat	2
mantep	2
mantepp	2
markotop	2
mashaallah	2
masyaallah	2
melahap	2
melancarkan	2
meleleh	2
melestarikan	2
melimpah	2
melindungi	2
memaafkan	2
memajukan	2
membantu	2
membara	2
memberdayakan	2
memberkati	2
memenangi	2
memenangkan	2
memotivasi	2
memperbaiki	2
mempercantik	2
mempercayai	2
mempercayakan	2
mempererat	2
memperindah	2
mempermudah	2
mempersatukan	2
memudahkan	2
memuliakan	2
menang	2
menarik	2
mendamaikan	2
mendukung	2
mengagumi	2
mengampuni	2
mengandalkan	2
mengasihi	2
mengayomi	2
menggairahkan	2
menggemari	2
mengistimewakan	2
menguatkan	2
menguntungkan	2
menolong	2
mensyukuri	2
menuntaskan	2
menyayangi	2
menyejahterakan	2
menyelamatkan	2
menyelesaikan	2
menyenangi	2
menyimpati	2
menyokong	2
menyukai	2
menyukseskan	2
merapikan	2
meresap	2
meriah	2
modis	2
moncer	2
mulia	2
mulus	2
mumpuni	2
nagihin	2
ngangenin	2
ngebantu	2
ngehibur	2
nolong	2
nyaman	2
nyenangin	2
nyenengin	2
ori	2
original	2
orisinil	2
otentik	2
pandai	2
patut	2
peduli	2
pemaaf	2
pemberani	2
pemenang	2
pemikat	2
pemurah	2
pengampun	2
pengertian	2
penolong	2
penyabar	2
penyayang	2
penyelamat	2
penyelamatan	2
perbaikan	2
percaya	2
perkasa	2
pertolongan	2
pesona	2
pintar	2
pleasant	2
prestisius	2
pretty	2
produktif	2
produktivitas	2
profesionalisme	2
progresif	2
prospektif	2
rahmat	2
rahmatan	2
ramah	2
rapi	2
recommend	2
rela	2
renyah	2
resik	2
respect	2
rezeki	2
rimbun	2
rindang	2
romantis	2
romantisme	2
royal	2
sabar	2
sakral	2
salut	2
santun	2
satisfied	2
segar	2
sejahtera	2
sejuk	2
selamat	2
selaras	2
semarak	2
semerbak	2
semringah	2
sentosa	2
seru	2
setia	2
sigap	2
simpati	2
simpatik	2
solid	2
sopan	2
sorak	2
spesial	2
stabil	2
stylish	2
subhanallah	2
sumringah	2
sweet	2
syukur	2
tahan	2
tanggap	2
tangkas	2
tawadu	2
teduh	2
tegas	2
tenang	2
tender	2
tenteram	2
tentram	2
terbahak	2
tercengang	2
terenkripsi	2
terinspirasi	2
terkagum	2
terkesima	2
terlindungi	2
termotivasi	2
terpana	2
terpelihara	2
terpuaskan	2
terpukau	2
tersanjung	2
terselamatkan	2
terselesaikan	2
tersentuh	2
tertarik	2
tertib	2
tokcer	2
topcer	2
topmarkotop	2
topp	2
tulus	2
tuntas	2
uhuy	2
unik	2
untung	2
vintage	2
vitalitas	2
wangi	2
welcome	2
wisuda	2
yahud	2

# +1.5
abadi	1.5
adem	1.5
affordable	1.5
ahli	1.5
aksesibel	1.5
akuntabel	1.5
akuntabilitas	1.5
akur	1.5
akurat	1.5
alami	1.5
alhamdulillahh	1.5
amal	1.5
antik	1.5
antusias	1.5
antusiasme	1.5
ayu	1.5
bahagia	1.5
bahagiaa	1.5
bakat	1.5
bangga	1.5
bebas	1.5
becus	1.5
beramal	1.5
berbakat	1.5
berbobot	1.5
beres	1.5
berfaedah	1.5
berfungsi	1.5
bergairah	1.5
berguna	1.5
berharga	1.5
berhemat	1.5
berkelas	1.5
berkemampuan	1.5
bermanfaat	1.5
bermotivasi	1.5
bermukim	1.5
bernas	1.5
berpengalaman	1.5
bersedekah	1.5
bersemangat	1.5
berterimakasih	1.5
betah	1.5
bonus	1.5
booming	1.5
cashback	1.5
cekatan	1.5
ceria	1.5
cermat	1.5
cheap	1.5
cinta	1.5
cocok	1.5
comfortable	1.5
demen	1.5
dihibur	1.5
dikabulkan	1.5
diminati	1.5
dipenuhi	1.5
dipercaya	1.5
dirawat	1.5
direkomendasikan	1.5
disambut	1.5
disapa	1.5
disemangati	1.5
disempurnakan	1.5
diskon	1.5
disumbangkan	1.5
ditepati	1.5
ditingkatkan	1.5
donasi	1.5
doyan	1.5
dukung	1.5
easy	1.5
ekonomis	1.5
fast	1.5
fastrespon	1.5
fleksibel	1.5
fleksibilitas	1.5
fotogenik	1.5
free	1.5
fungsional	1.5
gampang	1.5
gembira	1.5
gemulai	1.5
giat	1.5
girang	1.5
gratis	1.5
gratisan	1.5
hadiah	1.5
happy	1.5
hemat	1.5
hepi	1.5
hepy	1.5
hiburan	1.5
hore	1.5
horee	1.5
ideal	1.5
intim	1.5
irit	1.5
jitu	1.5
kado	1.5
kagum	1.5
keabadian	1.5
keahlian	1.5
keakuratan	1.5
keawetan	1.5
kebebasan	1.5
kebetahan	1.5
kecocokan	1.5
kegampangan	1.5
kegirangan	1.5
kejituan	1.5
kejujuran	1.5
kekal	1.5
kekeluargaan	1.5
kekokohan	1.5
kelapangan	1.5
keleluasaan	1.5
kelestarian	1.5
kelogisan	1.5
keluasan	1.5
keluwesan	1.5
kemanusiaan	1.5
kemerdekaan	1.5
kencang	1.5
kenyamanan	1.5
kepraktisan	1.5
keramahan	1.5
keramahtamahan	1.5
keriangan	1.5
kesemsem	1.5
kesengsem	1.5
kesesuaian	1.5
kesetaraan	1.5
kesolidan	1.5
ketahanan	1.5
ketepatan	1.5
keterbukaan	1.5
komitmen	1.5
kompetitif	1.5
komplet	1.5
komplit	1.5
kondusif	1.5
kooperatif	1.5
langgeng	1.5
lapang	1.5
laris	1.5
layak	1.5
lega	1.5
legend	1.5
legendaris	1.5
leluasa	1.5
lengkap	1.5
lestari	1.5
lihai	1.5
logis	1.5
luwes	1.5
luxury	1.5
makasi	1.5
makasih	1.5
mampu	1.5
manusiawi	1.5
martabat	1.5
matang	1.5
matur	1.5
mayan	1.5
medali	1.5
melegakan	1.5
memenuhi	1.5
menepati	1.5
menetap	1.5
mengirit	1.5
meningkatkan	1.5
menyamankan	1.5
menyambut	1.5
menyapa	1.5
menyehatkan	1.5
menyemangati	1.5
menyempurnakan	1.5
menyumbang	1.5
merakyat	1.5
merawat	1.5
merdeka	1.5
merekomendasikan	1.5
meyakinkan	1.5
motivasi	1.5
mudah	1.5
murah	1.5
naksir	1.5
natural	1.5
neat	1.5
ngefans	1.5
ngetop	1.5
nostalgia	1.5
nostalgik	1.5
nuhun	1.5
nuwun	1.5
ontime	1.5
optimal	1.5
optimis	1.5
optimisme	1.5
optimistis	1.5
organik	1.5
pelindung	1.5
pemberdayaan	1.5
pemecahan	1.5
pengayom	1.5
penghematan	1.5
penghibur	1.5
penyemangat	1.5
penyempurnaan	1.5
persahabatan	1.5
persatuan	1.5
persaudaraan	1.5
piala	1.5
polite	1.5
populer	1.5
positif	1.5
praktis	1.5
presisi	1.5
promo	1.5
puas	1.5
puasin	1.5
puass	1.5
quick	1.5
rasional	1.5
rasionalitas	1.5
reasonable	1.5
recomended	1.5
recommended	1.5
rekomen	1.5
rekomendasi	1.5
rekomendasikan	1.5
rekomended	1.5
relawan	1.5
relevan	1.5
relevansi	1.5
ria	1.5
riang	1.5
ringkas	1.5
sahabat	1.5
sambutan	1.5
sanggup	1.5
sebanding	1.5
sedekah	1.5
seimbang	1.5
semampai	1.5
semangat	1.5
senang	1.5
senangg	1.5
seneng	1.5
senengg	1.5
sepadan	1.5
seru-seruan	1.5
setara	1.5
setimpal	1.5
siip	1.5
simpel	1.5
simple	1.5
sip	1.5
sipp	1.5
sippp	1.5
sippppp	1.5
smooth	1.5
solusi	1.5
spacious	1.5
stabilitas	1.5
strategis	1.5
suka	1.5
sukarelawan	1.5
sumbangan	1.5
suportif	1.5
suwun	1.5
syahdu	1.5
takjub	1.5
talenta	1.5
tegap	1.5
teliti	1.5
tengkyu	1.5
terapresiasi	1.5
teratasi	1.5
teratur	1.5
terawat	1.5
terayomi	1.5
terbantu	1.5
terbantukan	1.5
terbayar	1.5
terbuka	1.5
tercapai	1.5
terealisasi	1.5
terharu	1.5
terhibur	1.5
terimakasih	1.5
terjaga	1.5
terjamin	1.5
terjangkau	1.5
terkabul	1.5
terkendali	1.5
terkesan	1.5
terlatih	1.5
terlengkap	1.5
terlindung	1.5
terobosan	1.5
terorganisasi	1.5
terorganisir	1.5
terpenuhi	1.5
terpercaya	1.5
terpesona	1.5
terpuji	1.5
tertangani	1.5
tertata	1.5
tertolong	1.5
terwujud	1.5
thank	1.5
thanks	1.5
thx	1.5
tidy	1.5
trampil	1.5
transparan	1.5
transparansi	1.5
trimakasih	1.5
trims	1.5
ulet	1.5
voucher	1.5
waw	1.5
wiih	1.5
worth	1.5
worthit	1.5
yay	1.5
yeay	1.5
yesss	1.5
yey	1.5
yeyy	1.5

# +1
aamiin	1
amiin	1
amin	1
asli	1
beradab	1
beragam	1
berbudi	1
bercanda	1
berdamai	1
bergizi	1
berkilau	1
berkilauan	1
berpetualang	1
bersantai	1
bersantap	1
berseri	1
bersinar	1
bervariasi	1
berwibawa	1
canda	1
canggih	1
cepat	1
cerah	1
cita-cita	1
crispy	1
crunchy	1
cute	1
decent	1
dicintai	1
digemari	1
dihargai	1
dihemat	1
dihormati	1
dijamin	1
dinikmati	1
dipuja	1
dipuji	1
disayangi	1
disegani	1
disembuhkan	1
disiplin	1
disukai	1
diterima	1
ekspres	1
express	1
fine	1
garing	1
gaul	1
gemas	1
gemes	1
gemesin	1
gigih	1
gurih	1
haha	1
hahaha	1
hahahaha	1
harmoni	1
harmonis	1
hehe	1
hehehe	1
higienis	1
hihi	1
hits	1
imut	1
inshaallah	1
instan	1
insya	1
insyaallah	1
juicy	1
jujur	1
kalem	1
keharmonisan	1
kekhidmatan	1
kekhusyukan	1
kekinian	1
kekudusan	1
kelengkapan	1
kelucuan	1
kemantapan	1
kemapanan	1
kematangan	1
kemurnian	1
kental	1
kenyang	1
kerukunan	1
kesembuhan	1
kesuburan	1
kesucian	1
ketawa	1
khidmat	1
khusyuk	1
kilat	1
krispi	1
kriuk	1
kudus	1
kwkw	1
kyut	1
laba	1
liburan	1
luas	1
lucu	1
lumayan	1
manis	1
mapan	1
memadai	1
memperkaya	1
memulihkan	1
mencukupi	1
mengenyangkan	1
menggemaskan	1
menghemat	1
mengilap	1
menikmati	1
menyembuhkan	1
mksh	1
modern	1
moga	1
mungil	1
murni	1
mutakhir	1
ngakak	1
ngegemesin	1
ngehits	1
normal	1
ok	1
okay	1
oke	1
okee	1
okeee	1
okeeee	1
okey	1
oks	1
pemulihan	1
perdamaian	1
petualangan	1
pulih	1
rajin	1
relaks	1
rileks	1
ringan	1
rukun	1
santai	1
sederhana	1
sehat	1
sembuh	1
semoga	1
senyum	1
senyuman	1
sepuas	1
sesuai	1
siap	1
steril	1
subur	1
suci	1
syukuran	1
tabah	1
tawa	1
tegar	1
teguh	1
tekun	1
telaten	1
temaram	1
tepat	1
terhormat	1
terkemuka	1
terkenal	1
terkini	1
ternama	1
terpandang	1
tersenyum	1
tersohor	1
tertawa	1
thankyou	1
trendi	1
trendy	1
unyu	1
variatif	1
wah	1
wahh	1
wajib	1
waras	1
widih	1
wih	1
wihh	1
wkwk	1
wkwkwk	1
wkwkwkwk	1
wow	1
woww	1
wowww	1
xixi	1

# +0.5
wajar	0.5

# -0.5
average	-0.5
biasa	-0.5
jauh	-0.5
lama	-0.5
panas	-0.5
seadanya	-0.5
standar	-0.5

# -1
aduh	-1
batal	-1
bau	-1
becek	-1
berdebu	-1
berlemak	-1
berminyak	-1
bimbang	-1
bingung	-1
bitter	-1
cetek	-1
cold	-1
crowded	-1
diadili	-1
dibatalkan	-1
dibatasi	-1
dilarang	-1
dry	-1
duh	-1
encer	-1
gerah	-1
heran	-1
hufft	-1
huft	-1
kabur	-1
kebisingan	-1
kehabisan	-1
kekurangan	-1
kelabu	-1
kemalingan	-1
kendor	-1
kendur	-1
keriuhan	-1
kesempitan	-1
kesunyian	-1
ketahuan	-1
kosong	-1
kritis	-1
lara	-1
larangan	-1
lecek	-1
lembab	-1
lembap	-1
lembek	-1
loading	-1
luntur	-1
mahal	-1
masalah	-1
melorot	-1
melulu	-1
membatalkan	-1
mengantuk	-1
menyempit	-1
naif	-1
nekat	-1
ngantuk	-1
ngantukan	-1
ngetem	-1
pahit	-1
pasif	-1
pembatalan	-1
pembatasan	-1
permasalahan	-1
persoalan	-1
plain	-1
problem	-1
pucat	-1
ragu	-1
riuh	-1
salty	-1
sempit	-1
sendu	-1
sepi	-1
seret	-1
soldout	-1
sunyi	-1
tawar	-1
tegang	-1
terbatas	-1
terlarang	-1
terpelosok	-1
waduh	-1

# -1.5
alay	-1.5
alergi	-1.5
amit-amit	-1.5
amitamit	-1.5
aneh	-1.5
astaga	-1.5
astagfirullah	-1.5
astaghfirullah	-1.5
baper	-1.5
belasungkawa	-1.5
berdebat	-1.5
berdesakan	-1.5
berdosa	-1.5
beresiko	-1.5
berisiko	-1.5
berkarat	-1.5
berlebihan	-1.5
bersungut	-1.5
binggung	-1.5
blokir	-1.5
boikot	-1.5
boring	-1.5
bosan	-1.5
boseen	-1.5
bosen	-1.5
bosenin	-1.5
cancel	-1.5
capek	-1.5
cemburu	-1.5
cemen	-1.5
copot	-1.5
culun	-1.5
cupu	-1.5
curiga	-1.5
dangkal	-1.5
datar	-1.5
debat	-1.5
delay	-1.5
denda	-1.5
dengki	-1.5
diberatkan	-1.5
diblokir	-1.5
dicopot	-1.5
dicurigai	-1.5
didenda	-1.5
digugat	-1.5
diharamkan	-1.5
dihilangkan	-1.5
dikesampingkan	-1.5
dikritik	-1.5
dilupakan	-1.5
dipermalukan	-1.5
diprotes	-1.5
diragukan	-1.5
ditampik	-1.5
ditelantarkan	-1.5
ditolak	-1.5
ditunda	-1.5
diusir	-1.5
diwaspadai	-1.5
dosa	-1.5
dukacita	-1.5
expensive	-1.5
gabut	-1.5
gaje	-1.5
gajelas	-1.5
galau	-1.5
gaptek	-1.5
gelap	-1.5
gersang	-1.5
gerutu	-1.5
getir	-1.5
gugatan	-1.5
gundah	-1.5
hadeh	-1.5
hadeuh	-1.5
halah	-1.5
halangan	-1.5
hambatan	-1.5
haram	-1.5
hiks	-1.5
hikss	-1.5
hilang	-1.5
huhu	-1.5
huhuhu	-1.5
innalillahi	-1.5
iri	-1.5
irihati	-1.5
isolasi	-1.5
jadul	-1.5
jayus	-1.5
kafir	-1.5
kafirun	-1.5
kaku	-1.5
karatan	-1.5
kasian	-1.5
kasihan	-1.5
katrok	-1.5
keanehan	-1.5
keasinan	-1.5
kebablasan	-1.5
keberatan	-1.5
kebimbangan	-1.5
kebingungan	-1.5
kecapekan	-1.5
kecemburuan	-1.5
kecurigaan	-1.5
kecut	-1.5
kedengkian	-1.5
kegalauan	-1.5
keganjilan	-1.5
kegerahan	-1.5
kegersangan	-1.5
kegundahan	-1.5
kehilangan	-1.5
kejanggalan	-1.5
kejauhan	-1.5
kekerasan	-1.5
kekeringan	-1.5
kelewatan	-1.5
kemanisan	-1.5
kemurungan	-1.5
kenakalan	-1.5
kendala	-1.5
keraguan	-1.5
kerawanan	-1.5
kerdil	-1.5
kerentanan	-1.5
kering	-1.5
kerisauan	-1.5
kerontang	-1.5
kesukaran	-1.5
ketegangan	-1.5
keterlaluan	-1.5
keterlambatan	-1.5
ketidakpastian	-1.5
ketidakstabilan	-1.5
ketinggalan	-1.5
kritik	-1.5
kritikan	-1.5
kudet	-1.5
kumal	-1.5
kuno	-1.5
kusam	-1.5
kusut	-1.5
lackluster	-1.5
lelah	-1.5
lemah	-1.5
lemas	-1.5
lengang	-1.5
lengket	-1.5
lesu	-1.5
letih	-1.5
loyo	-1.5
lunglai	-1.5
lusuh	-1.5
macet	-1.5
maksiat	-1.5
malu	-1.5
masam	-1.5
mediocre	-1.5
meh	-1.5
melankolis	-1.5
melarang	-1.5
mellow	-1.5
melow	-1.5
memblokir	-1.5
memboikot	-1.5
membosankan	-1.5
mempermalukan	-1.5
memprotes	-1.5
menampik	-1.5
mencurigai	-1.5
mencurigakan	-1.5
menegangkan	-1.5
menelantarkan	-1.5
mengemis	-1.5
mengesampingkan	-1.5
menggalaukan	-1.5
menggerutu	-1.5
menggugat	-1.5
menghilangkan	-1.5
mengkritik	-1.5
mengomel	-1.5
mengusir	-1.5
menolak	-1.5
mentah	-1.5
menunda	-1.5
menyindir	-1.5
meragukan	-1.5
merisaukan	-1.5
minder	-1.5
monoton	-1.5
muram	-1.5
murung	-1.5
nakal	-1.5
ndeso	-1.5
nelangsa	-1.5
ngebosenin	-1.5
ngerepotin	-1.5
ngomelin	-1.5
nyasar	-1.5
nyedot	-1.5
omelan	-1.5
penat	-1.5
pendosa	-1.5
penelantaran	-1.5
pengemis	-1.5
penolakan	-1.5
penundaan	-1.5
perdebatan	-1.5
pingsan	-1.5
pricey	-1.5
protes	-1.5
pudar	-1.5
rawan	-1.5
rentan	-1.5
rintangan	-1.5
risau	-1.5
rombeng	-1.5
semaput	-1.5
sesak	-1.5
sindir	-1.5
sindiran	-1.5
sirik	-1.5
sok	-1.5
sukar	-1.5
suram	-1.5
telat	-1.5
terasing	-1.5
terbelakang	-1.5
terisolasi	-1.5
terkendala	-1.5
terlambat	-1.5
terlantar	-1.5
terlupakan	-1.5
terpaksa	-1.5
terpencil	-1.5
terputus	-1.5
tersakiti	-1.5
tersedot	-1.5
tersendat	-1.5
tersendat-sendat	-1.5
tersiksa	-1.5
tertangkap	-1.5
tertinggal	-1.5
tertunda	-1.5
udik	-1.5
usang	-1.5
usir	-1.5
yaampun	-1.5

# -2
abai	-2
absurd	-2
acak-acakan	-2
acuh	-2
agresif	-2
agresivitas	-2
aib	-2
alot	-2
amatir	-2
amatiran	-2
ancam	-2
ancur	-2
angker	-2
anjlok	-2
antipati	-2
apatis	-2
apatisme	-2
apes	-2
asal-asalan	-2
azab	-2
badai	-2
bandel	-2
bangkrut	-2
banjir	-2
batuk	-2
belagu	-2
bencana	-2
benci	-2
berbelit	-2
berbelit-belit	-2
berkedok	-2
berkeliaran	-2
bermasalah	-2
bermusuhan	-2
berserakan	-2
bertele-tele	-2
binatang	-2
bland	-2
bobol	-2
bocor	-2
bodoamat	-2
boros	-2
broken	-2
bubarkan	-2
bug	-2
buggy	-2
bugs	-2
buntu	-2
buronan	-2
buta	-2
cacat	-2
candu	-2
canggung	-2
cape	-2
capeee	-2
capekk	-2
cedera	-2
celaka	-2
cemas	-2
cemberut	-2
cemoohan	-2
cengeng	-2
cerewet	-2
ceroboh	-2
complain	-2
cramped	-2
crash	-2
cuek	-2
demam	-2
dendam	-2
diabaikan	-2
diberhentikan	-2
dibobol	-2
dicelakai	-2
dicemaskan	-2
dicemooh	-2
diejek	-2
digagalkan	-2
diganggu	-2
digusur	-2
dihalangi	-2
dihambat	-2
dihukum	-2
diingkari	-2
dikalahkan	-2
dikeluhkan	-2
dikesalkan	-2
dikhawatirkan	-2
dikomplain	-2
diktator	-2
dilanggar	-2
dilemahkan	-2
diolok-olok	-2
dipaksa	-2
dipalsukan	-2
dipecat	-2
dipenjara	-2
dipenjarakan	-2
dipersulit	-2
diremehkan	-2
diretas	-2
dirugikan	-2
disalahgunakan	-2
disalahkan	-2
disebalkan	-2
disepelekan	-2
disesalkan	-2
disesatkan	-2
disfungsi	-2
disia-siakan	-2
disusahkan	-2
ditakuti	-2
ditangkap	-2
dituduh	-2
diusik	-2
dongkol	-2
ejekan	-2
eneg	-2
enek	-2
eror	-2
error	-2
fitnahan	-2
flu	-2
frustasi	-2
frustrasi	-2
gagal	-2
gamang	-2
gangguan	-2
ganja	-2
ganjil	-2
gegabah	-2
gelisah	-2
gentar	-2
genting	-2
geram	-2
geregetan	-2
gerombolan	-2
gondok	-2
greasy	-2
gregetan	-2
gugup	-2
gugur	-2
hacker	-2
hambar	-2
hampa	-2
hancurkan	-2
hang	-2
horor	-2
hukuman	-2
ingkar	-2
irasional	-2
janggal	-2
jantungan	-2
jebol	-2
jemu	-2
jenazah	-2
jengah	-2
jengkel	-2
jenuh	-2
jijik	-2
kacau	-2
kacau-balau	-2
kalah	-2
kampungan	-2
keacuhan	-2
keangkeran	-2
keapesan	-2
keasaman	-2
kebakaran	-2
kebangkrutan	-2
kebosanan	-2
kebuntuan	-2
keburukan	-2
kecacatan	-2
kecanduan	-2
kecanggungan	-2
kecelakaan	-2
kecemasan	-2
kecengengan	-2
kecerewetan	-2
kecerobohan	-2
kecewa	-2
kecewaa	-2
kecewain	-2
kecolongan	-2
kecuekan	-2
kegagalan	-2
kegelapan	-2
kegelisahan	-2
kegugupan	-2
kehampaan	-2
kejelekan	-2
kejemuan	-2
kejengkelan	-2
kejenuhan	-2
kekakuan	-2
kekalahan	-2
kekeliruan	-2
kekesalan	-2
kekhawatiran	-2
kekhilafan	-2
keki	-2
kekikiran	-2
kekonyolan	-2
kekosongan	-2
kelalaian	-2
kelam	-2
kelamaan	-2
kelambanan	-2
kelambatan	-2
kelancangan	-2
kelelahan	-2
kelelet	-2
kelemahan	-2
kelesuan	-2
keletihan	-2
keliru	-2
keluhan	-2
kelumpuhan	-2
kemacetan	-2
kemahalan	-2
kemalangan	-2
kemalasan	-2
kemelaratan	-2
kemerosotan	-2
kemiskinan	-2
kemunduran	-2
kepahitan	-2
kepanikan	-2
kepayahan	-2
kepedasan	-2
kepedesan	-2
keprihatinan	-2
keputusasaan	-2
kerepotan	-2
keresahan	-2
keribetan	-2
kerugian	-2
kerumitan	-2
kerusakan	-2
keruwetan	-2
kesal	-2
kesalahan	-2
kesebalan	-2
kesel	-2
kesepian	-2
kesesatan	-2
kesialan	-2
kesulitan	-2
kesuraman	-2
kesusahan	-2
ketakutan	-2
keteledoran	-2
ketidakadilan	-2
ketidakjelasan	-2
ketidakjujuran	-2
ketidaknyamanan	-2
ketidakpuasan	-2
ketidakramahan	-2
ketidaksopanan	-2
ketipu	-2
khawatir	-2
khilaf	-2
kikir	-2
kikuk	-2
komplain	-2
konyol	-2
korban	-2
kriminal	-2
kronis	-2
lag	-2
lagging	-2
laggy	-2
lalai	-2
lamban	-2
lambat	-2
lancang	-2
late	-2
lecet	-2
lelet	-2
lemes	-2
lemot	-2
lenyapkan	-2
letoy	-2
mabuk	-2
mager	-2
malak	-2
malangnya	-2
malas	-2
males	-2
maling	-2
maluin	-2
mampet	-2
mandek	-2
mandul	-2
mangkel	-2
manyun	-2
marah	-2
medit	-2
melanggar	-2
melarat	-2
melelahkan	-2
melemah	-2
melemahkan	-2
memacetkan	-2
memaksa	-2
memalsukan	-2
membandel	-2
membingungkan	-2
memboroskan	-2
memecah	-2
memecahbelah	-2
memecat	-2
memenatkan	-2
memiskinkan	-2
mempersulit	-2
memprihatinkan	-2
memusingkan	-2
menakut-nakuti	-2
menakuti	-2
menangis	-2
mencederai	-2
mencekik	-2
mencelakakan	-2
mencemaskan	-2
mencemooh	-2
mendendam	-2
mengabaikan	-2
mengaibkan	-2
mengalahkan	-2
mengejek	-2
mengeluh	-2
mengeluhkan	-2
mengesalkan	-2
menggagalkan	-2
mengganjal	-2
menggelapkan	-2
menggelisahkan	-2
menggusur	-2
menghalangi	-2
menghambat	-2
menghukum	-2
mengingkari	-2
mengkhawatirkan	-2
mengolok-olok	-2
mengomplain	-2
mengusik	-2
meninggal	-2
menjemukan	-2
menuduh	-2
menyalahgunakan	-2
menyalahi	-2
menyalahkan	-2
menyayat	-2
menyelewengkan	-2
menyepelekan	-2
menyeramkan	-2
menyesal	-2
menyesali	-2
menyesalkan	-2
menyia-nyiakan	-2
menyinggung	-2
menyombongkan	-2
menyulitkan	-2
menyusahkan	-2
meremehkan	-2
meresahkan	-2
merindu	-2
merosot	-2
merugi	-2
miras	-2
miskin	-2
molor	-2
muak	-2
mual	-2
mubazir	-2
mules	-2
murahan	-2
murka	-2
musibah	-2
musnahkan	-2
nangis	-2
napi	-2
narapidana	-2
narkoba	-2
narkotika	-2
neraka	-2
ngadat	-2
ngambek	-2
ngaret	-2
ngawur	-2
ngehang	-2
ngelag	-2
ngenes	-2
ngenesin	-2
ngeres	-2
ngeselin	-2
ngeselinn	-2
norak	-2
nuthuk	-2
nyebelin	-2
nyebelinn	-2
nyesek	-2
nyesekin	-2
nyesel	-2
ogah	-2
olok-olok	-2
otoriter	-2
overpriced	-2
pailit	-2
paksaan	-2
panik	-2
pecandu	-2
pecat	-2
pegal	-2
pegel	-2
pelanggar	-2
pelanggaran	-2
pelit	-2
pemabuk	-2
pemakai	-2
pemaksaan	-2
pemalakan	-2
pemalas	-2
pemalsuan	-2
pembobolan	-2
pemborosan	-2
pemecatan	-2
pemfitnah	-2
pemiskinan	-2
penakut	-2
penangkapan	-2
pencoleng	-2
pendendam	-2
pengabaian	-2
pengangguran	-2
pengeluh	-2
pengganggu	-2
penggelapan	-2
penggerebekan	-2
penggusuran	-2
penjara	-2
penjarah	-2
penyakit	-2
penyalahgunaan	-2
penyelewengan	-2
penyesalan	-2
penyesatan	-2
penyinggung	-2
penyok	-2
percuma	-2
peretasan	-2
perpecahan	-2
pesimis	-2
pesimisme	-2
pesimistis	-2
pesing	-2
phishing	-2
phk	-2
pilek	-2
pincang	-2
poor	-2
preman	-2
prihatin	-2
pusing	-2
rancu	-2
rapuh	-2
ratakan	-2
repot	-2
resah	-2
retas	-2
rewel	-2
reyot	-2
ribet	-2
ringkih	-2
risih	-2
riskan	-2
rugi	-2
rumit	-2
ruwet	-2
sabu	-2
sebal	-2
sedih	-2
sembarangan	-2
sembrono	-2
seram	-2
serampangan	-2
serangan	-2
sesal	-2
sesat	-2
sia-sia	-2
sial	-2
sinting	-2
slow	-2
stagnan	-2
stagnasi	-2
stale	-2
stres	-2
stress	-2
stuffy	-2
sulit	-2
suntuk	-2
susah	-2
tahanan	-2
takut	-2
tangis	-2
tasteless	-2
teledor	-2
tenggelamkan	-2
terabaikan	-2
terdakwa	-2
terganggu	-2
terhambat	-2
terlunta-lunta	-2
termiskin	-2
tersangka	-2
tersesat	-2
tersinggung	-2
terusik	-2
tikus	-2
tiran	-2
tirani	-2
trauma	-2
traumatis	-2
tuduhan	-2
tuli	-2
tumpul	-2
ugal-ugalan	-2
virus	-2
vulgar	-2
vulgaritas	-2
wafat	-2
wanprestasi	-2
was-was	-2
waswas	-2
zonk	-2

# -2.5
abal-abal	-2.5
amarah	-2.5
ambruk	-2.5
amburadul	-2.5
amis	-2.5
amoral	-2.5
ancaman	-2.5
angkuh	-2.5
annoying	-2.5
antek	-2.5
anyir	-2.5
apek	-2.5
arogan	-2.5
arogansi	-2.5
astagfirullahaladzim	-2.5
bad	-2.5
badmood	-2.5
bahaya	-2.5
basi	-2.5
bebal	-2.5
bego	-2.5
bentrok	-2.5
bentrokan	-2.5
berantakan	-2.5
berbahaya	-2.5
berbohong	-2.5
berduka	-2.5
berdusta	-2.5
berisik	-2.5
berkabung	-2.5
berkelahi	-2.5
berkhianat	-2.5
bersedih	-2.5
bertengkar	-2.5
bete	-2.5
bising	-2.5
bispak	-2.5
bloon	-2.5
bodoh	-2.5
bohong	-2.5
bohongan	-2.5
bohongin	-2.5
bom	-2.5
boong	-2.5
boongin	-2.5
bt	-2.5
buruk	-2.5
cebong	-2.5
cela	-2.5
celaan	-2.5
cemar	-2.5
congkak	-2.5
cringe	-2.5
cringey	-2.5
damn	-2.5
derita	-2.5
diancam	-2.5
diare	-2.5
dibodohi	-2.5
dibohongi	-2.5
dicela	-2.5
dicurangi	-2.5
dieksploitasi	-2.5
difitnah	-2.5
dihajar	-2.5
dihujat	-2.5
diinjak	-2.5
diintimidasi	-2.5
dikacaukan	-2.5
dikecewakan	-2.5
dikhianati	-2.5
dikotori	-2.5
dilecehkan	-2.5
dilukai	-2.5
dimanipulasi	-2.5
dimarahi	-2.5
diperas	-2.5
diprovokasi	-2.5
dipukul	-2.5
dipukuli	-2.5
direndahkan	-2.5
diributkan	-2.5
dirty	-2.5
disakiti	-2.5
disappointed	-2.5
disappointing	-2.5
disappointment	-2.5
disedihkan	-2.5
diskriminasi	-2.5
diskriminatif	-2.5
disuap	-2.5
ditampar	-2.5
ditekan	-2.5
ditendang	-2.5
diteror	-2.5
ditindas	-2.5
ditipu	-2.5
dongo	-2.5
dongok	-2.5
down	-2.5
duka	-2.5
dungu	-2.5
dusta	-2.5
dzalim	-2.5
egois	-2.5
egoistis	-2.5
eksploitasi	-2.5
eksploitatif	-2.5
ekstremis	-2.5
ekstremisme	-2.5
epidemi	-2.5
fake	-2.5
fanatik	-2.5
fanatisme	-2.5
fatal	-2.5
fitnah	-2.5
gaduh	-2.5
gadungan	-2.5
galak	-2.5
garang	-2.5
gawat	-2.5
geblek	-2.5
gempa	-2.5
gendeng	-2.5
goblok	-2.5
gosong	-2.5
gratifikasi	-2.5
gusar	-2.5
hangus	-2.5
hasut	-2.5
hate	-2.5
hina	-2.5
hinaan	-2.5
hoaks	-2.5
hoax	-2.5
hujat	-2.5
hujatan	-2.5
huru-hara	-2.5
idiot	-2.5
ilegal	-2.5
imoral	-2.5
intimidasi	-2.5
intoleran	-2.5
intoleransi	-2.5
jablay	-2.5
jebakan	-2.5
jelek	-2.5
jongos	-2.5
jorok	-2.5
judes	-2.5
jutek	-2.5
kanker	-2.5
kasar	-2.5
keangkuhan	-2.5
kebodohan	-2.5
kebohongan	-2.5
kecewaan	-2.5
kecongkakan	-2.5
kecurangan	-2.5
kedukaan	-2.5
kedustaan	-2.5
keegoisan	-2.5
kegaduhan	-2.5
kegalakan	-2.5
kegawatan	-2.5
kekacauan	-2.5
kekasaran	-2.5
kekecewaan	-2.5
kekisruhan	-2.5
kekotoran	-2.5
kekumuhan	-2.5
kelicikan	-2.5
kemarahan	-2.5
kematian	-2.5
kemunafikan	-2.5
kepalsuan	-2.5
kerakusan	-2.5
keributan	-2.5
kerusuhan	-2.5
kesakitan	-2.5
kesedihan	-2.5
kesengsaraan	-2.5
keserakahan	-2.5
kesombongan	-2.5
ketamakan	-2.5
ketololan	-2.5
ketus	-2.5
khianat	-2.5
kisruh	-2.5
kolusi	-2.5
konflik	-2.5
korup	-2.5
korupsi	-2.5
koruptor	-2.5
kotor	-2.5
kotoran	-2.5
krisis	-2.5
kumuh	-2.5
kunyuk	-2.5
kw	-2.5
lebay	-2.5
lenyap	-2.5
limbah	-2.5
lola	-2.5
longsor	-2.5
luka	-2.5
lumpuh	-2.5
mampus	-2.5
manipulasi	-2.5
manipulatif	-2.5
mati	-2.5
melecehkan	-2.5
melukai	-2.5
memalukan	-2.5
memanipulasi	-2.5
memarahi	-2.5
membahayakan	-2.5
memberatkan	-2.5
membodohi	-2.5
membohongi	-2.5
memeras	-2.5
memfitnah	-2.5
memprovokasi	-2.5
memukul	-2.5
memukuli	-2.5
menakutkan	-2.5
menampar	-2.5
mencela	-2.5
mencemari	-2.5
mencurangi	-2.5
menderita	-2.5
mendesak	-2.5
menekan	-2.5
menendang	-2.5
meneror	-2.5
mengacaukan	-2.5
mengancam	-2.5
mengecewai	-2.5
mengecewakan	-2.5
mengeksploitasi	-2.5
mengganggu	-2.5
menghajar	-2.5
menghancurleburkan	-2.5
menghasut	-2.5
menghujat	-2.5
menginjak	-2.5
mengintimidasi	-2.5
mengiris	-2.5
mengkhianati	-2.5
mengotori	-2.5
menindas	-2.5
menipu	-2.5
menjebak	-2.5
menjengkelkan	-2.5
menyakiti	-2.5
menyakitkan	-2.5
menyampah	-2.5
menyebalkan	-2.5
menyedihkan	-2.5
menyesatkan	-2.5
menyiksa	-2.5
menyuap	-2.5
merana	-2.5
merendahkan	-2.5
merepotkan	-2.5
meributkan	-2.5
merugikan	-2.5
miris	-2.5
mogok	-2.5
monyet	-2.5
munafik	-2.5
muntah	-2.5
murtad	-2.5
naudzubillah	-2.5
naudzubillahiminzalik	-2.5
nauzubillah	-2.5
nepotisme	-2.5
nestapa	-2.5
ngamuk	-2.5
ngancurin	-2.5
ngarang	-2.5
ngebohongin	-2.5
ngeboong	-2.5
ngecewain	-2.5
ngecewakan	-2.5
ngedumel	-2.5
ngegas	-2.5
ngehe	-2.5
ngehek	-2.5
ngeluh	-2.5
ngeluhin	-2.5
ngerampok	-2.5
ngerugiin	-2.5
ngerusak	-2.5
ngibul	-2.5
ngomel	-2.5
ngotot	-2.5
nipu	-2.5
noisy	-2.5
nyeri	-2.5
nyinyir	-2.5
nyolong	-2.5
nyolot	-2.5
nyopet	-2.5
nyuri	-2.5
oon	-2.5
overrated	-2.5
palsu	-2.5
pandemi	-2.5
pandir	-2.5
parah	-2.5
patah	-2.5
payah	-2.5
pecah	-2.5
pecundang	-2.5
pedih	-2.5
pekok	-2.5
pelecehan	-2.5
peledak	-2.5
pemarah	-2.5
pembodohan	-2.5
pembohong	-2.5
pemeras	-2.5
pemerasan	-2.5
pemukulan	-2.5
pencemaran	-2.5
pencitraan	-2.5
penderitaan	-2.5
pendusta	-2.5
pengancam	-2.5
pengap	-2.5
pengecut	-2.5
penghasutan	-2.5
penghianat	-2.5
penghianatan	-2.5
pengkhianat	-2.5
pengkhianatan	-2.5
penindas	-2.5
penindasan	-2.5
penipu	-2.5
penipuan	-2.5
penjajah	-2.5
penjajahan	-2.5
penjebak	-2.5
penjilat	-2.5
penyuapan	-2.5
peperangan	-2.5
perang	-2.5
perih	-2.5
perkelahian	-2.5
permusuhan	-2.5
pertengkaran	-2.5
pertikaian	-2.5
picik	-2.5
pilu	-2.5
polusi	-2.5
pongah	-2.5
porak-poranda	-2.5
propaganda	-2.5
provokasi	-2.5
provokator	-2.5
pungli	-2.5
putus	-2.5
radikal	-2.5
radikalisme	-2.5
rakus	-2.5
rasis	-2.5
rasisme	-2.5
remuk	-2.5
retak	-2.5
ribut	-2.5
ricuh	-2.5
roboh	-2.5
rude	-2.5
rusak	-2.5
rusuh	-2.5
sakit	-2.5
sampah	-2.5
sebel	-2.5
sebelin	-2.5
sebell	-2.5
semrawut	-2.5
sengsara	-2.5
serakah	-2.5
sinis	-2.5
smelly	-2.5
sombong	-2.5
songong	-2.5
sotoy	-2.5
stfu	-2.5
stroke	-2.5
suap	-2.5
sumpek	-2.5
tamak	-2.5
tawuran	-2.5
tekanan	-2.5
tengik	-2.5
terancam	-2.5
tercela	-2.5
tercemar	-2.5
terdesak	-2.5
terjebak	-2.5
terlaknat	-2.5
terluka	-2.5
teror	-2.5
teroris	-2.5
terorisme	-2.5
tersudut	-2.5
tertekan	-2.5
tertindas	-2.5
tertipu	-2.5
tewas	-2.5
tipu	-2.5
tipuan	-2.5
tolol	-2.5
tsunami	-2.5
wabah	-2.5
wtf	-2.5

# -3
aniaya	-3
anjing	-3
asu	-3
asusila	-3
asuw	-3
awful	-3
bacod	-3
bacot	-3
bajingan	-3
bangkai	-3
bangke	-3
bangsat	-3
barbar	-3
bedebah	-3
bengis	-3
beracun	-3
berengsek	-3
beringas	-3
binasa	-3
bobrok	-3
bodo	-3
brengsek	-3
brutal	-3
brutalitas	-3
buas	-3
bullshit	-3
busuk	-3
cabul	-3
caci	-3
cacian	-3
cuk	-3
culas	-3
curang	-3
dajjal	-3
depresi	-3
depresif	-3
dianiaya	-3
dibahayakan	-3
dicaci	-3
dicopet	-3
dicuri	-3
dihancurkan	-3
dihancurleburkan	-3
dihina	-3
dijarah	-3
dikorupsi	-3
dimaki	-3
dinista	-3
dirampok	-3
dirusak	-3
disgusting	-3
disiksa	-3
ditabrak	-3
durhaka	-3
eww	-3
ewww	-3
fraud	-3
garbage	-3
hancur	-3
histeris	-3
horrible	-3
jahat	-3
jahil	-3
jancok	-3
jancuk	-3
jera	-3
jijay	-3
kampret	-3
kapok	-3
kebarbaran	-3
kebejatan	-3
kebengisan	-3
kebiadaban	-3
kebobrokan	-3
kebusukan	-3
kecoa	-3
kecoak	-3
kehancuran	-3
kejahatan	-3
kejam	-3
kekejaman	-3
kelaparan	-3
keparat	-3
keracunan	-3
kesadisan	-3
keterpurukan	-3
kezaliman	-3
kiamat	-3
kriminalitas	-3
kurangajar	-3
lalat	-3
lalim	-3
ledakan	-3
licik	-3
lonte	-3
makian	-3
malapetaka	-3
meledak	-3
memaki	-3
memaki-maki	-3
mematikan	-3
membinasakan	-3
memilukan	-3
memuntahkan	-3
menabrak	-3
mencaci	-3
mencaci-maki	-3
mencekam	-3
mencopet	-3
mencuri	-3
menganiaya	-3
mengenaskan	-3
menghancurkan	-3
menghantui	-3
menghina	-3
menghinakan	-3
mengkorupsi	-3
menista	-3
menistakan	-3
menjarah	-3
merampok	-3
meruntuhkan	-3
merusak	-3
mesum	-3
najis	-3
najong	-3
nasty	-3
nista	-3
pelacur	-3
pelacuran	-3
pencabulan	-3
pencopet	-3
penculik	-3
pencuri	-3
pencurian	-3
penganiayaan	-3
penghancuran	-3
penghinaan	-3
penistaan	-3
penjahat	-3
penjarahan	-3
penyiksaan	-3
perampok	-3
perampokan	-3
perusak	-3
perusakan	-3
petaka	-3
porno	-3
pornografi	-3
puki	-3
racun	-3
runtuh	-3
sadis	-3
scam	-3
scammer	-3
shit	-3
sialan	-3
sundal	-3
tabrakan	-3
tahi	-3
tai	-3
taik	-3
terbakar	-3
terguling	-3
terhina	-3
terpuruk	-3
terrible	-3
tertabrak	-3
toxic	-3
tragedi	-3
tragis	-3
trash	-3
worst	-3
zalim	-3

# -3.5
asshole	-3.5
bastard	-3.5
bejat	-3.5
biadab	-3.5
bitch	-3.5
dancok	-3.5
dibantai	-3.5
dibenci	-3.5
dibunuh	-3.5
dikutuk	-3.5
diperkosa	-3.5
durjana	-3.5
fuck	-3.5
fuckin	-3.5
fucking	-3.5
genosida	-3.5
iblis	-3.5
jahanam	-3.5
kebencian	-3.5
keji	-3.5
kontol	-3.5
laknat	-3.5
membantai	-3.5
membenci	-3.5
membunuh	-3.5
memek	-3.5
memperkosa	-3.5
memuakkan	-3.5
mengerikan	-3.5
menghabisi	-3.5
menjijikan	-3.5
menjijikkan	-3.5
motherfucker	-3.5
ngentot	-3.5
ngewe	-3.5
pantek	-3.5
peledakan	-3.5
pembantaian	-3.5
pembenci	-3.5
pembunuh	-3.5
pembunuhan	-3.5
pemerkosa	-3.5
pemerkosaan	-3.5
penculikan	-3.5
penembakan	-3.5
pengeboman	-3.5
penyanderaan	-3.5
perbudakan	-3.5
perkosaan	-3.5
pukimak	-3.5
setan	-3.5
terbodoh	-3.5
terburuk	-3.5
terbusuk	-3.5
terjelek	-3.5
terkutuk	-3.5
terparah	-3.5
tersial	-3.5
